sample_id,collection_date,lineage
SRR26500334,2023-09-01,GK.4
SRR26500335,2023-09-01,GJ.1.2
SRR26500336,2023-09-01,FL.1.5.1
SRR26500337,2023-09-01,FU.2
SRR26500338,2023-09-01,HW.1.1
SRR26500339,2023-09-02,JF.1
SRR26500340,2023-09-01,HW.1.1
SRR26500341,2023-09-02,FU.1
SRR26500342,2023-09-01,XBB.1.16
SRR26500343,2023-09-01,XBB.1.16
SRR26500344,2023-09-01,XBB.1.16.6
SRR26500345,2023-09-03,GS.1
SRR26500346,2023-09-03,EG.5.1.14
SRR26500347,2023-09-03,EG.5.1.4
SRR26500348,2023-09-02,XBB.1.5.10
SRR26500349,2023-09-03,FT.3.1.1
SRR26500350,2023-09-03,HZ.1
SRR26500351,2023-09-03,XBB.1.16
SRR26500352,2023-09-03,EG.5.1.14
SRR26500353,2023-09-03,JF.1.1
SRR26500354,2023-09-04,GJ.1.2
SRR26500355,2023-09-02,HK.11
SRR26500356,2023-09-02,XBB.1.16.6
SRR26500357,2023-09-03,EG.5.1.6
SRR26500358,2023-09-03,GJ.1.2
SRR26500359,2023-09-04,GK.2
SRR26500361,2023-09-04,XBB.1.5.49
SRR26500390,2023-09-04,FY.2
SRR26500445,2023-09-01,FU.1
SRR26500447,2023-09-01,EG.5.1
SRR26500448,2023-09-01,EG.10.1.1
SRR26500449,2023-09-02,GK.3.1
SRR26500451,2023-09-01,FL.16
SRR26500452,2023-09-02,EG.6.1
SRR26500453,2023-09-03,GK.4
SRR26500454,2023-09-03,GK.3.1
SRR26500455,2023-09-02,GV.1
SRR26500512,2023-09-01,FU.2
SRR26500513,2023-09-06,EG.5.1.1
SRR26500514,2023-09-01,EG.5.1.1
SRR26500515,2023-09-01,GV.1
SRR26500516,2023-09-02,EG.5.1.1
SRR26500517,2023-09-01,GK.4
SRR26500518,2023-09-01,XBB.1.16.15
SRR26500519,2023-09-02,FL.10.1
SRR26500520,2023-09-01,GJ.1.2
SRR26500521,2023-09-01,GE.1
SRR26500522,2023-09-01,GK.3.1
SRR26500523,2023-09-01,XBB.1.42.2
SRR26500524,2023-09-01,XBB.1.16.9
SRR26500525,2023-09-02,EG.6.1
SRR26500526,2023-09-02,XBB.1.5.49
SRR26500527,2023-09-02,FL.2.5
SRR26500528,2023-09-07,EG.6.1
SRR26500529,2023-09-02,XBB.1.16.1
SRR26500530,2023-09-02,XBB.1.5.24
SRR26500531,2023-09-03,GJ.1.2
SRR26500532,2023-09-03,GJ.1.2
SRR26500533,2023-09-03,HK.29
SRR26500534,2023-09-02,XBB.1.16
SRR26500535,2023-09-01,XBB.1.16.30
SRR26500536,2023-09-02,XBB.1.16.1
SRR26500537,2023-09-01,EG.5.1.4
SRR26500538,2023-09-07,EG.5.1.1
SRR26500539,2023-09-01,XBB.1.16.1
SRR26682142,2023-09-15,EG.5.1.4
SRR26682143,2023-09-17,GJ.1.2.5
SRR26682144,2023-09-18,HV.1
SRR26682145,2023-09-17,HS.1
SRR26682146,2023-09-18,EG.5.1.1
SRR26682147,2023-09-18,FD.1.1
SRR26682148,2023-09-18,FD.1.1
SRR26682149,2023-09-18,EG.5.1.14
SRR26682150,2023-09-18,HK.29
SRR26682151,2023-09-18,FD.1.1
SRR26682152,2023-09-15,FL.1.5.1
SRR26682153,2023-09-15,XCM
SRR26682154,2023-09-17,XCM
SRR26682155,2023-09-16,EG.5.1.13
SRR26682156,2023-09-15,XBB.1.16.1
SRR26682157,2023-09-15,HK.29
SRR26682158,2023-09-17,FL.1.5.1
SRR26682159,2023-09-17,EG.5.1.4
SRR26682160,2023-09-17,XBB.1.16
SRR26682161,2023-09-17,EG.5.1.4
SRR26682162,2023-09-18,HV.1
SRR26682163,2023-09-18,GE.1
SRR26682164,2023-09-15,EG.5.1.4
SRR26682165,2023-09-16,HZ.1
SRR26682166,2023-09-16,FL.2.5
SRR26682167,2023-09-19,EG.5.1.1
SRR26682168,2023-09-15,HV.1
SRR26682169,2023-09-19,FL.1.5.1
SRR26682170,2023-09-11,EG.5.1.16
SRR26682171,2023-09-11,EG.6.1
SRR26682172,2023-09-11,EG.5.1.3
SRR26682173,2023-09-11,XBB.2.3.17
SRR26682174,2023-09-11,HZ.1
SRR26682175,2023-09-12,HV.1
SRR26682176,2023-09-10,XBB.1.16.23
SRR26682177,2023-09-10,HK.11
SRR26682178,2023-09-11,XBB.1.16.6
SRR26682179,2023-09-10,HV.1
SRR26682180,2023-09-10,EG.5.1.6
SRR26682181,2023-09-08,FL.24
SRR26682182,2023-09-09,HZ.1
SRR26682183,2023-09-09,EG.5.1.4
SRR26682184,2023-09-08,EG.5.1.16
SRR26682185,2023-09-09,FL.1.5.1
SRR26682186,2023-09-08,EG.5.1.4
SRR26682187,2023-09-09,HZ.1
SRR26682189,2023-09-09,XBB.1.5
SRR26682190,2023-09-09,HK.27.1
SRR26682191,2023-09-10,EG.5.1.1
SRR26682192,2023-09-09,HN.3.1
SRR26682193,2023-09-10,EG.5.1.16
SRR26682194,2023-09-10,EG.5.1.4
SRR26682195,2023-09-10,HK.29
SRR26682196,2023-09-09,FL.1.5.1
SRR26682197,2023-09-08,GJ.1.2
SRR26682374,2023-09-19,HK.3
SRR26682375,2023-09-19,EG.5.1.4
SRR26682376,2023-09-18,EG.5.1
SRR26682377,2023-09-19,XBB.2.3.17
SRR26682378,2023-09-18,GK.1.1
SRR26682379,2023-09-18,XCH
SRR26682380,2023-09-18,EG.5.1.16
SRR26682381,2023-09-19,HV.1
SRR26682382,2023-09-18,HV.1
SRR26682383,2023-09-16,EG.5.1.1
SRR26682384,2023-09-17,FU.2
SRR26682385,2023-09-15,XBB.1.5.26
SRR26682386,2023-09-17,EG.5.1.4
SRR26682387,2023-09-17,HV.1
SRR26682388,2023-09-17,KB.4
SRR26682389,2023-09-17,FL.1.5.1
SRR26682390,2023-09-15,GK.4
SRR26682391,2023-09-16,HY.1
SRR26682392,2023-09-17,EG.10.1
SRR26682393,2023-09-17,XBB.1.16
SRR26682394,2023-09-17,JN.2
SRR26682395,2023-09-17,EG.5.1.16
SRR26682396,2023-09-16,EG.6.1
SRR26682397,2023-09-18,GK.1.10
SRR26682398,2023-09-16,EG.5.1.14
SRR26682399,2023-09-16,FL.1.5.1
SRR26682400,2023-09-18,XBB.1.16.11
SRR26682401,2023-09-19,HN.6
SRR26682402,2023-09-08,XBB.1.16.14
SRR26682403,2023-09-08,HY.1
SRR26682404,2023-09-08,XBB.1.16.11
SRR26682405,2023-09-09,EG.5.1.1
SRR26682406,2023-09-10,XBB.2.3.17
SRR26682407,2023-09-08,FL.10.1
SRR26682408,2023-09-08,EG.1
SRR26682409,2023-09-08,FL.10.1
SRR26682410,2023-09-08,EG.5.1.16
SRR26682411,2023-09-09,EG.5.1.1
SRR26682412,2023-09-08,FL.2.5
SRR26682413,2023-09-08,HZ.1
SRR26682414,2023-09-10,FL.2.5
SRR26682415,2023-09-10,HF.1
SRR26682416,2023-09-08,HC.2
SRR26682417,2023-09-08,EG.5.1.1
SRR26682418,2023-09-12,XBB.1.16
SRR26682419,2023-09-12,HT.1
SRR26682420,2023-09-05,GJ.1.2
SRR26682421,2023-09-06,FL.1.5.1
SRR26682422,2023-09-05,EG.5.1.4
SRR26682423,2023-09-06,EG.5.1.13
SRR26682424,2023-09-05,HV.1
SRR26682425,2023-09-05,EG.5.1.16
SRR26682426,2023-09-05,XBB.1.42.2
SRR26682427,2023-09-04,XBB.1.16.11
SRR26682428,2023-09-06,GK.4
SRR26682429,2023-09-06,XBB.1.16.15
SRR26682430,2023-09-05,FL.1.5.1
SRR26682431,2023-09-05,EG.5.1.1
SRR26682432,2023-09-05,FL.10.1
SRR26682433,2023-09-05,FL.2.5
SRR26682434,2023-09-05,XBB.1.16.16
SRR26682435,2023-09-05,FL.4.8
SRR26682436,2023-09-06,HH.7
SRR26682437,2023-09-05,XBB.1.5.24
SRR26682438,2023-09-05,HZ.1
SRR26682439,2023-09-05,XBB.1.16.15
SRR26682440,2023-09-05,EG.5.1.4
SRR26682441,2023-09-05,XBB.1.16.11
SRR26682442,2023-09-05,XBB.1.41.2
SRR26682443,2023-09-05,XBB.1.16.6
SRR26682444,2023-09-06,EG.5.1.3
SRR26682445,2023-09-06,EG.5.1.4
SRR26682446,2023-09-06,GY.6
SRR26682447,2023-09-06,HY.1
SRR26682448,2023-09-07,HV.1
SRR26682449,2023-09-06,FL.1.5.1
SRR26682450,2023-09-06,HK.28
SRR26682451,2023-09-06,JC.1
SRR26682452,2023-09-06,EG.5.1.13
SRR26682453,2023-09-07,FL.1.5.1
SRR26682454,2023-09-06,FL.1.5.1
SRR26682455,2023-09-07,EG.5.1.4
SRR26682456,2023-09-07,EG.5.1.13
SRR26682457,2023-09-07,GK.4
SRR26682570,2023-09-16,HF.1
SRR26682571,2023-09-16,XCM
SRR26682572,2023-09-04,EG.5.1.1
SRR26682598,2023-09-05,EG.7
SRR26682599,2023-09-06,HW.1.1
SRR26682600,2023-09-06,XBB.1.16.6
SRR26682601,2023-09-05,FL.1.5.1
SRR26682602,2023-09-05,GY.6
SRR26682603,2023-09-04,FL.10.1
SRR26682604,2023-09-04,HK.31
SRR26682605,2023-09-04,XBB.1.16.11
SRR26682606,2023-09-04,XBB.1.5.35
SRR26682607,2023-09-04,XBB.1.16
SRR26682608,2023-09-04,HF.1
SRR26682610,2023-09-04,HZ.1
SRR26682611,2023-09-04,FL.10.1
SRR26682612,2023-09-04,EG.1.6
SRR26682613,2023-09-04,EG.5.1.1
SRR26682614,2023-09-04,EG.5.1.4
SRR26682615,2023-09-07,EG.5.1.4
SRR26682616,2023-09-04,HY.1
SRR26682617,2023-09-05,XBB.1.16.6
SRR26682618,2023-09-04,EG.5.1.1
SRR26682619,2023-09-04,EG.7
SRR26682620,2023-09-04,FL.4
SRR26682621,2023-09-05,GJ.1.2
SRR26682622,2023-09-04,HZ.1
SRR26682623,2023-09-07,XBB.1.16.6
SRR26682624,2023-09-04,XBB.1.16.9
SRR26682625,2023-09-05,FL.2
SRR26682626,2023-09-07,XBB.2.3.15
SRR26682627,2023-09-06,FU.2
SRR26682628,2023-09-07,EG.5.1.14
SRR26682629,2023-09-07,EG.5.1.16
SRR26682630,2023-09-07,XBB.1.5
SRR26682631,2023-09-07,EG.5.1.4
SRR26682632,2023-09-04,EG.5.1
SRR26682633,2023-09-07,FY.2
SRR26682634,2023-09-07,XBB.1.5.70
SRR26682635,2023-09-07,HK.28
SRR26682636,2023-09-07,XBB.2.3.17
SRR26682639,2023-09-18,HZ.1
SRR26682640,2023-09-18,EG.5.1.4
SRR26682641,2023-09-19,FL.1.5.1
SRR26682642,2023-09-18,HV.1
SRR26682643,2023-09-15,XBB.1.16.6
SRR26682644,2023-09-15,XBB.1.16.6
SRR26682649,2023-09-08,XBB.1.16.6
SRR26682650,2023-09-08,GK.4
SRR26682651,2023-09-09,XBB.1.22
SRR26682652,2023-09-08,EG.6.1
SRR26682653,2023-09-08,EG.5.1.1
SRR26682654,2023-09-08,FL.1.5.1
SRR26682655,2023-09-10,GJ.1.2
SRR26682656,2023-09-11,XBB.1.16.23
SRR26682657,2023-09-11,XBB.1.42.2
SRR26682658,2023-09-10,XBB.1.5.24
SRR26682659,2023-09-11,EG.5.1.6
SRR26682661,2023-09-08,EG.5.1.4
SRR26682662,2023-09-11,FE.1.2
SRR26682663,2023-09-08,FU.2
SRR26682664,2023-09-08,FL.2.5
SRR26682665,2023-09-09,HK.31
SRR26682666,2023-09-09,EG.5.1.1
SRR26682667,2023-09-11,XBB.1.16.23
SRR26682668,2023-09-11,EG.5.1.13
SRR26682669,2023-09-12,HR.1
SRR26682670,2023-09-11,XBB.1.16.6
SRR26682671,2023-09-11,EG.5.1.1
SRR26682672,2023-09-11,XBB.1.16
SRR27018397,2023-09-22,EG.5.1.1
SRR27018398,2023-09-19,XBB.1.16.6
SRR27018399,2023-09-23,EG.5.1.16
SRR27018400,2023-09-19,XBB.1.16.6
SRR27018401,2023-09-18,XBB.1.5.10
SRR27018402,2023-09-19,XBB.1.5.105
SRR27018403,2023-09-10,GJ.1.2
SRR27018404,2023-09-12,EG.5.1.1
SRR27018405,2023-09-15,HV.1
SRR27018406,2023-09-15,FL.1.5.1
SRR27018407,2023-09-12,FL.13.4.1
SRR27018408,2023-09-28,FL.1.5.1
SRR27018409,2023-09-27,XBB.2.3.8
SRR27018410,2023-09-28,EG.5.1.13
SRR27018411,2023-09-30,XBB.1.16.15
SRR27018412,2023-09-29,XCM
SRR27018413,2023-09-28,EG.5.1.1
SRR27018414,2023-09-28,FL.1.5.1
SRR27018415,2023-09-21,HV.1
SRR27018416,2023-09-21,XBB.1.16
SRR27018417,2023-09-19,HZ.1
SRR27018418,2023-09-18,XBB.1.16.6
SRR27018419,2023-09-20,EG.5.1.13
SRR27018420,2023-09-19,FL.1.5.1
SRR27018421,2023-09-20,FL.1.5.1
SRR27018422,2023-09-21,EG.5.1.4
SRR27018423,2023-09-18,HV.1
SRR27018424,2023-09-18,XBB.1.16.6
SRR27018425,2023-09-19,XBB.1.16.12
SRR27018426,2023-09-19,XBB.1.16.12
SRR27018427,2023-09-19,HZ.1
SRR27018428,2023-09-20,HZ.1
SRR27018429,2023-09-19,HF.1
SRR27018430,2023-09-20,HY.1
SRR27018431,2023-09-20,XBB.1.16.14
SRR27018432,2023-09-20,EG.5.1.16
SRR27018433,2023-09-20,EG.6.1
SRR27018434,2023-09-20,XBB.1.16.6
SRR27018435,2023-09-20,XBB.1.16.23
SRR27018436,2023-09-20,FL.20
SRR27018437,2023-09-20,EG.5.1.13
SRR27018438,2023-09-19,XBB.1.16.6
SRR27018440,2023-10-19,JN.1.39
SRR27018470,2023-09-06,EG.5.1.16
SRR27018472,2023-09-03,EG.5.1.16
SRR27018474,2023-09-06,EG.5.1.6
SRR27018476,2023-09-06,FL.20
SRR27018479,2023-09-04,FL.1.5.1
SRR27018480,2023-09-05,EG.5.1.4
SRR27018482,2023-09-05,EG.5.1.1
SRR27018487,2023-09-05,FL.2.5
SRR27018488,2023-09-07,FL.2.5
SRR27018489,2023-09-01,GV.1
SRR27018490,2023-09-08,XBB.1.5.70
SRR27018491,2023-09-08,XBB.1.5.70
SRR27018492,2023-09-06,FL.2.5
SRR27018493,2023-09-11,FL.2.5
SRR27018494,2023-09-08,HF.1
SRR27018496,2023-09-29,EG.5.1.16
SRR27018497,2023-10-01,HZ.1
SRR27018498,2023-10-01,HP.1.1
SRR27018499,2023-10-01,HN.1
SRR27018500,2023-10-01,EG.5.1.4
SRR27018501,2023-09-29,XBB.2.3.17
SRR27018502,2023-09-29,GJ.1.2
SRR27018503,2023-10-02,XBB.1.5.72
SRR27018504,2023-10-02,HK.31
SRR27018505,2023-10-02,XCV
SRR27018506,2023-10-02,EG.5.1.16
SRR27018507,2023-10-02,XBB.1.16
SRR27018508,2023-10-02,JF.1
SRR27018509,2023-10-02,HK.31
SRR27018510,2023-10-03,EG.5.1.1
SRR27018511,2023-10-03,HN.6
SRR27018512,2023-10-03,FL.1.5.1
SRR27018513,2023-10-03,HV.1
SRR27018514,2023-09-23,XBB.1.16.6
SRR27018515,2023-09-23,HV.1
SRR27018516,2023-09-23,EG.5.1.6
SRR27018517,2023-09-24,HF.1.1
SRR27018518,2023-09-25,XBB.1.16.6
SRR27018519,2023-09-25,XBB.1.41.1
SRR27018520,2023-09-28,EG.5.2
SRR27018521,2023-09-16,XBB.1.5.10
SRR27018522,2023-09-15,FU.1
SRR27018523,2023-09-10,EG.5.1
SRR27018524,2023-09-12,XBB.1.16.21
SRR27018525,2023-09-13,XBB.1.5
SRR27018526,2023-09-12,XBB.1.16.6
SRR27018527,2023-09-19,EG.5.1.4
SRR27018528,2023-09-19,HK.29
SRR27018529,2023-09-20,EG.5.1.1
SRR27018530,2023-09-19,GJ.1.2
SRR27018531,2023-09-19,XCM
SRR27018532,2023-09-12,FU.2
SRR27018533,2023-09-12,HZ.1
SRR27018534,2023-09-20,XCM
SRR27018535,2023-09-20,XCM
SRR27018536,2023-09-20,EG.5.1.3
SRR27018537,2023-09-20,HS.1
SRR27018538,2023-09-18,XBB.1.5.10
SRR27018539,2023-09-18,HK.3
SRR27018540,2023-09-21,EG.6.1
SRR27018541,2023-09-19,HV.1
SRR27018542,2023-09-19,HV.1
SRR27018543,2023-09-19,FL.1.5.1
SRR27018544,2023-09-19,EG.5.1.4
SRR27018545,2023-09-19,XBB.1.5.1
SRR27018546,2023-09-12,HV.1
SRR27018547,2023-09-21,HZ.1
SRR27018548,2023-09-20,EG.5.1.13
SRR27018549,2023-09-21,EG.5.1
SRR27018550,2023-09-21,EG.6.1
SRR27018551,2023-09-21,FD.4
SRR27018608,2023-09-11,FL.1.5.1
SRR27018609,2023-09-08,GD.1
SRR27018610,2023-09-09,XBB.1.16
SRR27018611,2023-09-09,HY.1
SRR27018612,2023-09-16,EG.5.1.4
SRR27018613,2023-09-17,XBB.1.16.6
SRR27018614,2023-09-17,FT.3.1.1
SRR27018615,2023-09-10,EG.5.1.6
SRR27018616,2023-09-06,GY.6
SRR27018617,2023-09-05,XBB.1
SRR27018618,2023-09-22,HV.1
SRR27018620,2023-09-25,HV.1
SRR27018621,2023-09-27,EG.5.1
SRR27018622,2023-09-25,XCM
SRR27018623,2023-09-25,XBB.1.16.6
SRR27018624,2023-09-25,HZ.1
SRR27018625,2023-09-22,HK.31
SRR27018626,2023-09-26,GD.1
SRR27018627,2023-09-26,XCM
SRR27018628,2023-09-26,EG.5.2
SRR27018629,2023-09-25,XBB.1.16
SRR27018630,2023-09-25,HV.1
SRR27018631,2023-09-25,XCM
SRR27018632,2023-09-24,HK.31
SRR27018633,2023-09-26,HZ.1
SRR27018634,2023-09-25,EG.5.1.13
SRR27018635,2023-09-25,EG.5.1.13
SRR27018695,2023-09-26,EG.5.1.1
SRR27018696,2023-09-29,HK.3.1
SRR27018697,2023-09-29,EG.6.1
SRR27018698,2023-10-01,GE.1
SRR27018699,2023-09-29,EG.6.1
SRR27018700,2023-09-27,XBB.1.16.1
SRR27018701,2023-10-01,EG.5.1.8
SRR27018702,2023-09-30,EG.5.1.8
SRR27018703,2023-09-27,HV.1
SRR27018704,2023-09-30,HP.1.1
SRR27018705,2023-09-27,HY.1
SRR27018706,2023-09-28,XBB.1.16.1
SRR27018707,2023-09-29,XBB.2.3.17
SRR27018708,2023-09-27,FL.1.5.1
SRR27018709,2023-09-28,HV.1.2
SRR27018710,2023-09-28,HV.1
SRR27018711,2023-09-27,JF.1
SRR27018712,2023-09-28,EG.5.1.1
SRR27018713,2023-09-28,HZ.1
SRR27018714,2023-09-28,FL.1.5.1
SRR27018715,2023-09-29,XBB.2.3.2
SRR27018716,2023-09-29,FL.1.5.1
SRR27018717,2023-09-28,EG.5.1.3
SRR27018718,2023-09-29,HV.1
SRR27018719,2023-09-30,XBB.1.16.11
SRR27018720,2023-09-30,JF.1
SRR27018721,2023-09-30,XBB.1.9
SRR27018722,2023-09-30,XBB.1.16
SRR27018723,2023-09-30,EG.5.1.16
SRR27018724,2023-09-25,HV.1
SRR27018725,2023-09-25,HK.31
SRR27018726,2023-09-27,HK.29
SRR27018727,2023-09-26,HV.1
SRR27018728,2023-09-27,EG.5.1.1
SRR27018729,2023-09-27,FL.1.5.1
SRR27018730,2023-09-27,XBB.1.16.6
SRR27018731,2023-09-26,FL.1.5.1
SRR27018732,2023-09-27,FL.1.5.1
SRR27018733,2023-09-27,EG.5.1
SRR27018734,2023-09-23,EG.5.1.1
SRR27018735,2023-09-22,XBB.1.5.10
SRR27018736,2023-09-22,XBB.2.3
SRR27018737,2023-09-22,EG.5.1.13
SRR27018738,2023-09-22,EG.5.1
SRR27018739,2023-09-22,XCM
SRR27018740,2023-09-22,HN.4
SRR27018741,2023-09-23,XBB.1.16
SRR27018742,2023-09-23,JD.1.1.7
SRR27018743,2023-09-23,HY.1
SRR27018744,2023-09-23,FL.1.5.1
SRR27018745,2023-09-24,XBB.1.5
SRR27018746,2023-09-23,EG.5.1.1
SRR27018747,2023-09-23,HV.1
SRR27018748,2023-09-13,HZ.1
SRR27018749,2023-09-12,XBB.1.5.1
SRR27018750,2023-09-12,XBB.1.16.6
SRR27018751,2023-09-11,EG.5.1.4
SRR27018780,2023-09-01,FL.2.5
SRR27018783,2023-09-07,FL.1.5.1
SRR27018785,2023-09-02,XBB.1.42.2
SRR27018786,2023-09-23,XBB.1.16.1
SRR27018787,2023-09-23,EG.5.1.14
SRR27018788,2023-09-22,XBB.1.16.1
SRR27199875,2023-09-07,EG.5
SRR27199876,2023-09-14,GK.1.1.1
SRR27199878,2023-09-06,XBB.1.5.55
SRR27199881,2023-09-15,HK.3
SRR27199882,2023-09-18,XBB.1.16.6
SRR27199884,2023-09-01,EG.5.1.1
SRR27199886,2023-09-07,GJ.1.2
SRR27199891,2023-09-18,FL.1.5.1
SRR27199900,2023-09-11,EG.5.1.4
SRR27199901,2023-09-12,HK.29
SRR27199905,2023-09-17,EG.5.1.3
SRR27199909,2023-09-14,XBB.1.16.6
SRR27199912,2023-09-05,XBB.1.16.1
SRR27199917,2023-09-12,EG.5.1.4
SRR27199924,2023-09-06,EG.5.1.1
SRR27199925,2023-09-05,EG.5.1.4
SRR27199926,2023-09-01,EG.5.1.4
SRR27199930,2023-09-06,HY.1
SRR27199933,2023-09-05,EG.5.1.3
SRR27199934,2023-09-08,XBB.1.5
SRR27199942,2023-09-13,FL.1.5.1
SRR27199944,2023-09-05,XBB.1.16.6
SRR27199948,2023-09-16,FL.1.5.1
SRR27199949,2023-09-12,XBB.1.16.6
SRR27199950,2023-09-05,HV.1
SRR27199951,2023-09-13,GZ.1
SRR27199954,2023-09-14,XBB.1.5.10
SRR27199957,2023-09-09,HK.1
SRR27199960,2023-09-01,GJ.1.2.5
SRR27199962,2023-09-07,XBB.1.16.1
SRR27199969,2023-09-12,XBB.1.5.10
SRR27199971,2023-09-03,EG.5.1.4
SRR27199974,2023-09-04,FL.4
SRR27199976,2023-09-05,EG.5.1.6
SRR27199977,2023-09-04,EG.5.1.1
SRR27199979,2023-09-12,EG.5.1.13
SRR27199982,2023-09-07,EG.5.1.3
SRR27199985,2023-09-11,EG.5.1
SRR27199988,2023-09-07,EG.5.1.4
SRR27199990,2023-09-05,XCH
SRR27199991,2023-09-05,GY.6
SRR27199992,2023-09-04,XBB.1.5.10
SRR27199994,2023-09-10,HK.3.12
SRR27199996,2023-09-06,XBB.1.16.26
SRR27199997,2023-09-11,XBB.1.16.12
SRR27199998,2023-09-08,HV.1
SRR27200001,2023-09-18,GK.1.1
SRR27200003,2023-09-11,EG.5.1.1
SRR27200004,2023-09-13,GJ.1.2.5
SRR27200006,2023-09-05,HZ.1
SRR27200008,2023-09-03,EG.5.1.3
SRR27200010,2023-09-13,FL.1.5.1
SRR27200011,2023-09-12,EG.5.1.1
SRR27200022,2023-09-05,HF.1
SRR27715372,2023-10-31,JN.1.1
SRR28116798,2023-10-26,HV.1
SRR28116850,2023-10-30,HV.1
SRR28116851,2023-10-27,JF.1
SRR28116852,2023-10-31,XBB.1.16
SRR28116853,2023-10-29,EG.5.1
SRR28116854,2023-10-29,EG.5.1.6
SRR28116855,2023-10-29,HK.29
SRR28116856,2023-10-29,EG.5.1.1
SRR28116857,2023-10-29,EG.5.1.4
SRR28116858,2023-10-27,HV.1
SRR28116859,2023-10-27,HV.1.1
SRR28116860,2023-10-27,HK.8.1
SRR28116861,2023-10-27,HV.1
SRR28116862,2023-10-24,JF.1
SRR28116863,2023-10-25,FU.1
SRR28116864,2023-10-26,HK.26
SRR28116865,2023-10-26,XBB.1.16.6
SRR28116866,2023-10-26,HK.20.1
SRR28116867,2023-10-24,HK.8.1
SRR28116868,2023-10-22,FD.4
SRR28116869,2023-10-19,EG.5.1
SRR28116870,2023-10-21,HV.1
SRR28116871,2023-10-17,HV.1
SRR28116872,2023-10-13,EG.5.1.1
SRR28116873,2023-10-08,HV.1
SRR28116874,2023-10-08,EG.5.1.1
SRR28116875,2023-10-15,EG.5.1.6
SRR28116876,2023-10-10,FL.1.5.1
SRR28116877,2023-10-06,HK.3
SRR28116878,2023-10-02,FL.1.5.1
SRR28116879,2023-10-06,EG.5.1.4
SRR28116880,2023-10-04,FL.20
SRR28116881,2023-10-02,HV.1
SRR28116882,2023-10-03,XBB.1.16.6
SRR28116883,2023-10-01,XBB.1.16.11
SRR28116884,2023-10-01,FL.10.1
SRR28116885,2023-09-30,HS.1
SRR28116886,2023-10-02,EG.5.1
SRR28116887,2023-09-25,XBB.1
SRR28116888,2023-09-25,XBB.1.16.1
SRR28116889,2023-09-26,HV.1
SRR28116890,2023-09-26,EG.5.1.4
SRR28116891,2023-10-17,XBB.1.16.31
SRR28116892,2023-10-17,GK.3.1
SRR28116893,2023-10-18,XBB.1.16.15
SRR28116894,2023-09-13,XBB.1.16.14
SRR28116895,2023-09-12,XBB.1.16.6
SRR28116896,2023-09-12,EG.4
SRR28116898,2023-09-12,EG.5.1
SRR28116899,2023-09-12,GE.1
SRR28116900,2023-09-13,XBB.1.16.11
SRR28116901,2023-09-11,XBB.1.16
SRR28116902,2023-09-13,GJ.1.2.6
SRR28116903,2023-09-01,XBB.1.22
SRR28116904,2023-09-12,XBB.2.3.11
SRR28116905,2023-09-12,FL.1.5.1
SRR28116906,2023-09-12,XBB.2.3.11
SRR28116907,2023-09-08,FE.1.2
SRR28116908,2023-09-22,XBB.1.16.6
SRR28116909,2023-09-22,XBB.1.16.6
SRR28116910,2023-09-22,FL.1.5.1
SRR28116911,2023-09-22,XBB.1.16
SRR28116912,2023-09-29,XBB.1.16.6
SRR28116913,2023-09-29,HK.31
SRR28116914,2023-09-30,XBB.1.16.1
SRR28116915,2023-09-28,EG.5.1.1
SRR28116916,2023-09-29,EG.5.1.3
SRR28116917,2023-10-11,XBB.1.16.6
SRR28116918,2023-10-01,EG.5.1
SRR28116919,2023-10-01,EG.5.1.1
SRR28116920,2023-10-01,HV.1
SRR28116921,2023-10-01,JF.4
SRR28116922,2023-10-03,HK.3
SRR28116923,2023-10-09,HK.26
SRR28116924,2023-10-03,XBB.1.16.9
SRR28116925,2023-10-10,EG.5.1
SRR28116926,2023-10-27,HV.1
SRR28116927,2023-10-30,EG.5.1.4
SRR28116928,2023-10-31,EG.5.1.16
SRR28116929,2023-10-30,HK.1
SRR28116931,2023-10-27,HV.1
SRR28116932,2023-10-30,GY.5
SRR28116933,2023-10-30,GJ.1.2
SRR28116934,2023-10-31,JF.1.1
SRR28116935,2023-10-31,HV.1
SRR28116936,2023-10-31,EG.5.1.3
SRR28116938,2023-10-31,HK.26
SRR28116945,2023-10-23,HV.1
SRR28116946,2023-10-20,DV.7.1
SRR28116947,2023-10-23,EG.5.1.1
SRR28116948,2023-10-24,JF.1
SRR28116949,2023-10-25,JF.1
SRR28116950,2023-10-25,HV.1
SRR28116951,2023-10-25,JF.1
SRR28116952,2023-10-25,XBB.1.16.15
SRR28116953,2023-10-22,HK.26
SRR28116954,2023-10-26,JG.3
SRR28116955,2023-10-25,HV.1
SRR28116956,2023-10-25,HV.1
SRR28116957,2023-10-17,EG.5.1.1
SRR28116958,2023-10-18,XBB.1.16.11
SRR28116959,2023-10-18,EG.5.1.1
SRR28116960,2023-10-18,FL.1.5.1
SRR28116961,2023-10-16,EG.5.1.1
SRR28116962,2023-10-18,HV.1.5
SRR28116963,2023-10-17,EG.5.1.1
SRR28116964,2023-10-17,HK.28
SRR28116965,2023-10-17,XBB.1.16
SRR28116966,2023-10-17,XBB.2.3.8
SRR28116967,2023-10-16,HV.1
SRR28116968,2023-10-16,FL.1.5.1
SRR28116969,2023-10-16,HK.3
SRR28116970,2023-10-17,XBB.2.3.8
SRR28116971,2023-10-16,XBB.1.16.31
SRR28116972,2023-10-15,HV.1
SRR28116973,2023-10-14,FL.1.5.1
SRR28116974,2023-10-13,EG.5.1.15
SRR28116975,2023-10-15,HV.1
SRR28116976,2023-10-14,XBB.1.16.11
SRR28116977,2023-10-15,HV.1
SRR28116979,2023-10-13,EG.5.1.1
SRR28116980,2023-10-13,XCM
SRR28116981,2023-10-18,GK.1.1
SRR28116982,2023-10-16,EG.5.1
SRR28116983,2023-10-13,FL.1.5.1
SRR28116984,2023-10-17,JN.3.3
SRR28116985,2023-10-18,JF.1
SRR28116986,2023-10-18,JG.3
SRR28116987,2023-10-14,XBB.1.16.6
SRR28116988,2023-10-13,JF.4
SRR28116989,2023-10-10,JD.1.1
SRR28116990,2023-10-03,EG.5.1.1
SRR28116991,2023-10-01,EG.5.1
SRR28116992,2023-10-04,EG.5.1.1
SRR28116993,2023-09-28,FU.2
SRR28116994,2023-10-03,FU.2
SRR28116995,2023-10-09,HY.1
SRR28116996,2023-10-09,EG.5.1.1
SRR28116997,2023-10-10,XBB.1.16.14
SRR28116998,2023-10-10,XBC.1.6
SRR28117000,2023-10-03,XBB.2.3.17
SRR28117001,2023-10-05,FT.3.1.1
SRR28117002,2023-09-29,GE.1.2
SRR28117003,2023-09-29,EG.5.1.14
SRR28117004,2023-10-01,FL.1.5.1
SRR28117005,2023-10-03,EG.5.1.3
SRR28117006,2023-10-10,HF.1
SRR28117007,2023-10-03,HV.1
SRR28117008,2023-10-10,EG.5.1.16
SRR28117009,2023-10-05,HS.1
SRR28117010,2023-10-05,HZ.1
SRR28117011,2023-10-01,HV.1
SRR28117012,2023-10-09,EG.5.1
SRR28117013,2023-09-29,FL.1.5.1
SRR28117014,2023-10-04,GJ.1.2
SRR28117015,2023-09-30,XBB.1.16.6
SRR28117016,2023-09-29,FL.1.5.1
SRR28117017,2023-09-28,XBB.1
SRR28117018,2023-10-11,JD.1.1.7
SRR28117019,2023-10-09,HV.1
SRR28117020,2023-09-30,XBB.1.16.6
SRR28117027,2023-10-27,JF.1.1
SRR28117028,2023-10-29,HV.1
SRR28117029,2023-10-25,XBB.1.16.15
SRR28117031,2023-10-22,XBB.1.16.15
SRR28117032,2023-10-22,FU.1
SRR28117033,2023-10-19,HK.32
SRR28117034,2023-10-13,HK.32
SRR28117035,2023-10-13,HK.32
SRR28117036,2023-10-12,EG.5.1.1
SRR28117037,2023-10-09,HK.32
SRR28117038,2023-10-08,FU.1
SRR28117039,2023-10-08,XBB.1.16.15
SRR28117040,2023-10-06,HK.3
SRR28117041,2023-10-06,XBB.1.16.15
SRR28117042,2023-10-04,FU.1
SRR28117043,2023-10-05,HK.32
SRR28117044,2023-10-04,EG.5.1.1
SRR28117045,2023-10-02,FL.15.3
SRR28117046,2023-10-01,FL.1.5.1
SRR28117048,2023-10-03,HK.32
SRR28117049,2023-09-29,FU.1
SRR28117050,2023-10-02,XBB.1.16.15
SRR28117051,2023-09-29,XBB.1.16.6
SRR28117052,2023-10-15,JF.1.1
SRR28117053,2023-10-15,EG.5.1.4
SRR28117054,2023-10-16,HV.1
SRR28117055,2023-10-16,HV.1
SRR28117056,2023-10-16,GK.1.2
SRR28117057,2023-10-15,HV.1.2
SRR28117058,2023-10-13,EG.5.1.16
SRR28117059,2023-09-21,FL.1.5.1
SRR28117060,2023-09-21,JG.3.1
SRR28117061,2023-09-19,EG.5.1.6
SRR28117062,2023-09-21,HK.26
SRR28117063,2023-09-21,HK.3
SRR28117064,2023-09-21,EG.5.1.4
SRR28117065,2023-09-21,FL.1.5.1
SRR28117066,2023-09-19,HV.1
SRR28117067,2023-09-19,HV.1
SRR28117068,2023-09-21,EG.5.1.14
SRR28117069,2023-09-22,EG.5.1.1
SRR28117070,2023-09-22,GK.1.3
SRR28117071,2023-09-20,GK.1
SRR28117072,2023-09-20,EG.5.1.16
SRR28117073,2023-09-22,HN.2
SRR28117074,2023-09-20,HK.3
SRR28117075,2023-09-18,HV.1
SRR28117076,2023-09-18,EG.5.1.4
SRR28117077,2023-09-18,EG.5.1.4
SRR28117078,2023-09-20,JZ.1
SRR28117079,2023-09-18,XBB.1.16.11
SRR28117082,2023-09-18,HV.1.1
SRR28117083,2023-09-18,XBB.1.16.15
SRR28117084,2023-09-27,GZ.1
SRR28117085,2023-09-29,EG.5.2
SRR28117086,2023-10-03,GS.4.1
SRR28117087,2023-10-04,HV.1
SRR28117088,2023-09-27,HK.3
SRR28117089,2023-09-28,EG.5.1.16
SRR28117090,2023-09-27,HV.1
SRR28117091,2023-09-27,EG.5.1.1
SRR28117092,2023-09-29,HV.1
SRR28117093,2023-09-28,EG.5.1.1
SRR28117095,2023-09-28,XBB.1.5.103
SRR28117096,2023-10-12,XBB.1.5.10
SRR28117097,2023-10-12,FL.1.5.1
SRR28117098,2023-10-12,HV.1
SRR28117099,2023-09-28,XBB.1.16.6
SRR28117100,2023-10-12,FL.1.5.1
SRR28117101,2023-10-12,XBB.1.16.6
SRR28117102,2023-10-12,EG.5.1.1
SRR28117103,2023-09-27,XBB.1.16.6
SRR28117104,2023-09-27,XBB.1.16.6
SRR28117105,2023-09-27,XBB.2.3.15
SRR28117106,2023-09-30,EG.5.1.1
SRR28117107,2023-10-12,XCV
SRR28117108,2023-10-12,EG.5.1.6
SRR28117109,2023-10-12,EG.5.1.1
SRR28117110,2023-10-12,HK.28
SRR28117111,2023-10-12,EG.5.1.4
SRR28117112,2023-10-12,HV.1
SRR28117113,2023-10-06,FL.1.5.1
SRR28117114,2023-10-06,GK.1.6.1
SRR28117115,2023-10-06,HK.3
SRR28117116,2023-09-29,FL.2.5
SRR28117117,2023-09-29,FU.1
SRR28117118,2023-09-28,FU.1
SRR28117119,2023-09-27,EG.5.1.13
SRR28117120,2023-09-25,XBB.1.16.6
SRR28117121,2023-09-25,XBB.1.16.15
SRR28117122,2023-09-25,XBB.1.16.6
SRR28117123,2023-09-27,FL.1.5.1
SRR28117124,2023-09-27,XBB.1.16.15
SRR28117125,2023-09-26,FU.1
SRR28117126,2023-09-24,XBB.2.3.15
SRR28117127,2023-09-22,FU.1
SRR28117128,2023-09-19,FL.2.5
SRR28117129,2023-09-20,XBB.1.16.15
SRR28117131,2023-09-18,FL.2.5
SRR28117132,2023-09-15,FL.2.5
SRR28117133,2023-09-14,XBB.1.16.15
SRR28117134,2023-09-13,HR.1.1
SRR28117135,2023-09-13,GS.4.1
SRR28117136,2023-09-12,FL.2.5
SRR28117137,2023-10-23,EG.5.1.14
SRR28117138,2023-10-28,XBB.1.16.5
SRR28117139,2023-10-28,HF.1.1
SRR28117148,2023-10-21,HK.3
SRR28117149,2023-10-20,GJ.1.2
SRR28117150,2023-10-24,EG.5.1
SRR28117151,2023-10-22,XBB.1.5.70
SRR28117152,2023-10-22,XBB.1.16.1
SRR28117153,2023-10-20,GD.1
SRR28117154,2023-10-20,HV.1
SRR28117155,2023-10-20,EG.5.1.3
SRR28117156,2023-10-21,HV.1
SRR28117157,2023-10-22,HF.1.1
SRR28117158,2023-10-26,EG.5.1
SRR28117159,2023-10-26,GS.4
SRR28117160,2023-10-26,JG.3
SRR28117161,2023-10-20,EG.5.1.14
SRR28117162,2023-10-24,EG.5.1.6
SRR28117163,2023-10-25,EG.5.1.16
SRR28117164,2023-10-25,EG.5.1.6
SRR28117165,2023-10-21,HV.1
SRR28117166,2023-10-21,XBB.2.3.15
SRR28117168,2023-10-25,HK.26
SRR28117169,2023-10-25,GJ.1.2.8
SRR28117170,2023-10-21,XBB.1.16.23
SRR28117171,2023-10-22,HZ.1
SRR28117172,2023-10-22,FL.1.5.1
SRR28117173,2023-10-20,HV.1
SRR28117174,2023-10-21,JC.1
SRR28117175,2023-10-20,XBB.1.16.11
SRR28117176,2023-10-21,HK.8.1
SRR28117177,2023-10-22,XBB.1.16.6
SRR28117178,2023-10-22,EG.5.1.1
SRR28117179,2023-10-24,FU.1
SRR28117180,2023-09-13,FL.1.5.1
SRR28117181,2023-09-15,HK.3
SRR28117182,2023-09-15,EG.5.1.1
SRR28117183,2023-09-18,FY.2
SRR28117184,2023-09-15,JF.1.1
SRR28117185,2023-09-15,GY.5
SRR28117186,2023-09-19,GK.1.3
SRR28117187,2023-09-18,HK.29
SRR28117188,2023-09-19,HZ.1
SRR28117189,2023-09-13,FU.2
SRR28117190,2023-09-13,EG.5.1
SRR28117191,2023-09-08,XBB.1.16.6
SRR28117192,2023-09-14,JF.4
SRR28117193,2023-09-14,XBB.1.16.15
SRR28117194,2023-09-14,XBB.1.16.15
SRR28117195,2023-09-14,EG.5.1.13
SRR28117196,2023-09-13,EG.5.1.6
SRR28117197,2023-09-08,HY.1
SRR28117198,2023-09-13,HK.29
SRR28117199,2023-09-13,HK.6
SRR28117201,2023-09-13,XBB.1.5.10
SRR28117202,2023-09-15,EG.5.1.1
SRR28117203,2023-09-08,GE.1.4
SRR28117204,2023-09-14,HV.1
SRR28117205,2023-09-11,JF.1.1
SRR28117208,2023-09-11,EG.5.1
SRR28117210,2023-09-13,HN.5
SRR28117211,2023-09-12,HV.1
SRR28117212,2023-10-06,HV.1
SRR28117213,2023-10-06,GK.1.8
SRR28117214,2023-10-09,HV.1.4
SRR28117215,2023-10-11,HV.1.1
SRR28117216,2023-10-08,EG.5.1.1
SRR28117217,2023-10-09,XBB.1.16
SRR28117218,2023-10-11,XBB.1.16.6
SRR28117219,2023-10-09,FL.1.5.1
SRR28117220,2023-10-10,HK.21
SRR28117221,2023-10-09,HK.3
SRR28117222,2023-10-06,HV.1
SRR28117223,2023-10-06,EG.5.1.3
SRR28117224,2023-10-07,EG.5.1.13
SRR28117225,2023-10-07,JN.5
SRR28117226,2023-10-07,EG.5.2
SRR28117227,2023-10-06,HK.32
SRR28117228,2023-10-07,GE.1
SRR28117229,2023-10-07,XBB.1.16.11
SRR28117230,2023-10-08,XBB.1.5.10
SRR28117231,2023-10-08,EG.5.1.4
SRR28117232,2023-10-09,EG.5.1.4
SRR28117233,2023-10-08,XBB.1.16.6
SRR28117234,2023-10-09,HF.1.1
SRR28117235,2023-10-09,EG.5.1.4
SRR28117236,2023-10-09,HK.3
SRR28117237,2023-10-09,XCV
SRR28117238,2023-10-11,HV.1
SRR28117239,2023-10-11,GK.1.1
SRR28117240,2023-10-10,FL.13.5
SRR28117241,2023-10-10,GK.3.1
SRR28117242,2023-10-10,HZ.1
SRR28117243,2023-10-11,FL.1.5.1
SRR28118056,2023-10-27,EG.5.1.16
SRR28118176,2023-10-31,HV.1
SRR28118305,2023-10-30,HK.3
SRR28118307,2023-10-27,XBB.1.16.6
SRR28118310,2023-10-31,HK.8.1
SRR28118311,2023-10-26,HV.1
SRR28118313,2023-10-31,EG.5.1.4
SRR28118314,2023-10-30,HV.1
SRR28118315,2023-10-30,EG.5.1
SRR28118316,2023-10-30,XCL
SRR28118317,2023-10-30,HK.3.2
SRR28118318,2023-10-31,JD.1.1
SRR28118319,2023-10-31,HK.3
SRR28118323,2023-10-26,HV.1
SRR28118324,2023-10-27,HV.1
SRR28118325,2023-10-26,FL.1.5.1
SRR28118326,2023-10-25,HV.1
SRR28118327,2023-10-26,GE.1
SRR28118328,2023-10-21,JD.1.1
SRR28118330,2023-10-30,XCL
SRR28118333,2023-10-31,HK.3
SRR28118334,2023-10-22,EG.5.1
SRR28118335,2023-10-20,HV.1
SRR28118336,2023-10-22,EG.5.1.16
SRR28118337,2023-10-25,EG.5.1.16
SRR28118453,2023-10-21,HV.1.2
SRR28118454,2023-10-21,XBB.2.3.15
SRR28118455,2023-10-21,FL.1.5.1
SRR28118456,2023-10-21,HV.1
SRR28118457,2023-10-21,JF.1
SRR28118458,2023-10-25,HK.3
SRR28118459,2023-10-26,HV.1
SRR28118460,2023-10-26,XCR
SRR28118461,2023-10-20,JG.3
SRR28118462,2023-10-22,XBB.1.5.10
SRR28118463,2023-10-22,HK.5
SRR28118464,2023-10-26,EG.5.1.3
SRR28118465,2023-10-26,FL.1.5.1
SRR28118466,2023-10-27,HK.20.1
SRR28118467,2023-10-27,HV.1
SRR28118468,2023-10-25,HV.1
SRR28118469,2023-10-22,HV.1
SRR28118470,2023-10-26,HV.1
SRR28118471,2023-10-25,GK.1.1
SRR28118472,2023-10-20,JG.3
SRR28118484,2023-10-31,HV.1
SRR33009742,2023-09-26,JF.2
SRR33010332,2023-10-13,GV.1
SRR33010333,2023-09-30,HY.1
SRR33010334,2023-10-17,HV.1
SRR33010335,2023-10-13,HZ.1
SRR33010336,2023-10-13,GJ.1.2
SRR33010337,2023-10-13,FL.15
SRR33010339,2023-10-06,HN.4
SRR33010340,2023-10-13,FL.3.1
SRR33010343,2023-10-13,HS.1
SRR33010348,2023-10-13,FL.1.5
SRR33010349,2023-10-02,HV.1
SRR33010350,2023-10-23,GJ.1.2
SRR33010351,2023-09-13,GK.2.1
SRR33010352,2023-10-13,EG.5.1.4
SRR33010353,2023-10-13,HY.1
SRR33010357,2023-09-02,EG.5.1
SRR33010358,2023-09-05,HK.3.12
SRR33010370,2023-09-02,EG.5.1.4
SRR33010387,2023-10-24,HV.1
